{
  "full": {
    "macro_f1": 0.976181571825764,
    "safety": 1.0,
    "accuracy": 0.714
  },
  "no_consensus": {
    "macro_f1": 0.872016016746766,
    "safety": 0.714,
    "accuracy": 0.714
  },
  "no_classifier": {
    "macro_f1": 0.9729131352267617,
    "safety": null,
    "accuracy": null
  }
}