{
  "full": {
    "macro_f1": 0.9797225331536623,
    "safety": 1.0,
    "accuracy": 0.714
  },
  "no_consensus": {
    "macro_f1": 0.8452358671505299,
    "safety": 0.714,
    "accuracy": 0.714
  },
  "no_classifier": {
    "macro_f1": 0.9693673695893452,
    "safety": null,
    "accuracy": null
  }
}