{
  "full": {
    "macro_f1": 0.9738103043765276,
    "safety": 1.0,
    "accuracy": 0.714
  },
  "no_consensus": {
    "macro_f1": 0.8604567806228669,
    "safety": 0.714,
    "accuracy": 0.714
  },
  "no_classifier": {
    "macro_f1": 0.9656402801638695,
    "safety": null,
    "accuracy": null
  }
}