{
  "full": {
    "macro_f1": 0.9421536930098042,
    "safety": 1.0,
    "accuracy": 0.714
  },
  "no_consensus": {
    "macro_f1": 0.7676387792579493,
    "safety": 0.714,
    "accuracy": 0.714
  },
  "no_classifier": {
    "macro_f1": 0.9364073226544622,
    "safety": null,
    "accuracy": null
  }
}