{
  "seed": 123,
  "n_params": 3156,
  "model_kb": 12.33,
  "inference_latency_ms": 0.2601,
  "train_time_s": 1.16,
  "n_windows": 2254,
  "n_train": 1534,
  "n_val": 290,
  "n_test": 430,
  "accuracy": 0.9558139534883721,
  "macro_precision": 0.9548888611388611,
  "macro_recall": 0.952015207015207,
  "macro_f1": 0.9531628745954708,
  "per_class": {
    "braking": {
      "precision": 0.951048951048951,
      "recall": 1.0,
      "f1": 0.974910394265233,
      "support": 136
    },
    "cornering": {
      "precision": 0.9464285714285714,
      "recall": 0.905982905982906,
      "f1": 0.925764192139738,
      "support": 117
    },
    "accel": {
      "precision": 1.0,
      "recall": 0.98,
      "f1": 0.98989898989899,
      "support": 100
    },
    "cruise": {
      "precision": 0.922077922077922,
      "recall": 0.922077922077922,
      "f1": 0.922077922077922,
      "support": 77
    }
  },
  "confusion_matrix": [
    [
      136,
      0,
      0,
      0
    ],
    [
      7,
      106,
      0,
      4
    ],
    [
      0,
      0,
      98,
      2
    ],
    [
      0,
      6,
      0,
      71
    ]
  ],
  "class_counts": {
    "braking": 686,
    "cornering": 834,
    "accel": 482,
    "cruise": 252
  },
  "total_seconds": 4760.281,
  "feature_names": [
    "torque_pct",
    "ac_motor_current",
    "battery_voltage",
    "iq_current",
    "heatsink_temp",
    "ac_motor_voltage"
  ],
  "y_true": [
    2,
    2,
    2,
    2,
    2,
    2,
    2,
    0,
    0,
    0,
    0,
    1,
    1,
    1,
    1,
    1,
    1,
    1,
    1,
    1,
    1,
    1,
    2,
    2,
    0,
    0,
    2,
    2,
    2,
    2,
    2,
    2,
    2,
    0,
    0,
    0,
    2,
    0,
    0,
    0,
    0,
    1,
    1,
    1,
    1,
    3,
    3,
    3,
    3,
    3,
    3,
    3,
    3,
    0,
    0,
    0,
    0,
    0,
    0,
    2,
    2,
    2,
    0,
    0,
    0,
    0,
    2,
    1,
    1,
    1,
    0,
    2,
    2,
    2,
    2,
    2,
    2,
    0,
    0,
    0,
    0,
    1,
    1,
    1,
    1,
    2,
    0,
    0,
    0,
    0,
    2,
    2,
    2,
    2,
    2,
    2,
    3,
    3,
    3,
    3,
    3,
    3,
    3,
    3,
    3,
    3,
    3,
    3,
    0,
    0,
    0,
    0,
    0,
    3,
    3,
    0,
    0,
    0,
    2,
    1,
    1,
    1,
    1,
    1,
    2,
    2,
    2,
    2,
    2,
    2,
    3,
    3,
    3,
    0,
    0,
    0,
    1,
    1,
    1,
    1,
    1,
    1,
    0,
    0,
    2,
    2,
    2,
    0,
    0,
    0,
    1,
    0,
    0,
    0,
    1,
    1,
    1,
    1,
    1,
    1,
    1,
    1,
    1,
    1,
    1,
    1,
    1,
    1,
    1,
    1,
    1,
    1,
    1,
    1,
    1,
    0,
    0,
    0,
    0,
    0,
    2,
    2,
    2,
    2,
    2,
    2,
    2,
    3,
    0,
    1,
    1,
    1,
    1,
    1,
    2,
    0,
    0,
    0,
    2,
    2,
    2,
    2,
    2,
    3,
    3,
    3,
    0,
    0,
    2,
    3,
    3,
    0,
    0,
    0,
    1,
    1,
    1,
    1,
    1,
    1,
    1,
    1,
    1,
    2,
    2,
    2,
    3,
    3,
    3,
    3,
    3,
    3,
    0,
    0,
    0,
    0,
    0,
    0,
    0,
    0,
    0,
    0,
    0,
    0,
    1,
    1,
    1,
    2,
    1,
    1,
    0,
    2,
    2,
    2,
    2,
    2,
    2,
    2,
    2,
    1,
    1,
    0,
    0,
    2,
    2,
    2,
    2,
    2,
    2,
    3,
    3,
    3,
    3,
    3,
    1,
    1,
    1,
    1,
    1,
    1,
    1,
    1,
    0,
    2,
    2,
    2,
    2,
    2,
    3,
    3,
    3,
    3,
    3,
    3,
    3,
    3,
    0,
    2,
    0,
    0,
    0,
    0,
    1,
    1,
    1,
    1,
    1,
    1,
    1,
    1,
    1,
    1,
    3,
    3,
    3,
    3,
    3,
    3,
    3,
    0,
    0,
    0,
    0,
    0,
    1,
    1,
    1,
    1,
    0,
    0,
    0,
    0,
    2,
    2,
    2,
    2,
    2,
    2,
    0,
    0,
    0,
    3,
    3,
    3,
    0,
    0,
    0,
    0,
    1,
    1,
    1,
    2,
    0,
    0,
    0,
    1,
    1,
    2,
    2,
    0,
    2,
    2,
    2,
    2,
    2,
    2,
    3,
    3,
    3,
    3,
    3,
    3,
    0,
    0,
    0,
    0,
    0,
    1,
    0,
    0,
    0,
    2,
    2,
    3,
    0,
    0,
    1,
    0,
    0,
    0,
    0,
    0,
    0,
    0,
    1,
    1,
    1,
    1,
    1,
    1,
    1,
    1,
    1,
    1,
    3,
    3,
    3,
    3,
    3,
    3,
    3,
    3,
    3,
    3,
    0,
    0,
    0,
    0,
    0,
    0,
    0,
    0,
    1,
    1,
    0,
    0,
    0,
    0,
    0,
    2
  ],
  "y_pred": [
    2,
    2,
    2,
    2,
    2,
    2,
    2,
    0,
    0,
    0,
    0,
    1,
    1,
    1,
    1,
    1,
    1,
    1,
    1,
    1,
    1,
    1,
    2,
    2,
    0,
    0,
    2,
    2,
    2,
    2,
    2,
    2,
    2,
    0,
    0,
    0,
    2,
    0,
    0,
    0,
    0,
    1,
    1,
    1,
    1,
    3,
    3,
    3,
    3,
    3,
    3,
    3,
    3,
    0,
    0,
    0,
    0,
    0,
    0,
    2,
    2,
    2,
    0,
    0,
    0,
    0,
    2,
    0,
    1,
    1,
    0,
    2,
    2,
    2,
    2,
    2,
    3,
    0,
    0,
    0,
    0,
    1,
    1,
    1,
    1,
    2,
    0,
    0,
    0,
    0,
    2,
    2,
    2,
    2,
    2,
    2,
    3,
    3,
    3,
    3,
    3,
    3,
    3,
    3,
    3,
    3,
    3,
    3,
    0,
    0,
    0,
    0,
    0,
    1,
    3,
    0,
    0,
    0,
    2,
    1,
    1,
    1,
    1,
    3,
    2,
    2,
    2,
    2,
    2,
    2,
    1,
    1,
    1,
    0,
    0,
    0,
    1,
    1,
    1,
    1,
    1,
    1,
    0,
    0,
    2,
    2,
    2,
    0,
    0,
    0,
    3,
    0,
    0,
    0,
    1,
    1,
    1,
    1,
    1,
    1,
    1,
    1,
    1,
    1,
    1,
    1,
    1,
    1,
    1,
    1,
    1,
    1,
    3,
    1,
    1,
    0,
    0,
    0,
    0,
    0,
    2,
    2,
    2,
    2,
    2,
    2,
    2,
    3,
    0,
    1,
    1,
    1,
    1,
    1,
    2,
    0,
    0,
    0,
    2,
    2,
    2,
    2,
    2,
    3,
    3,
    3,
    0,
    0,
    2,
    3,
    3,
    0,
    0,
    0,
    1,
    1,
    1,
    1,
    1,
    1,
    1,
    1,
    1,
    2,
    2,
    2,
    3,
    3,
    3,
    3,
    3,
    3,
    0,
    0,
    0,
    0,
    0,
    0,
    0,
    0,
    0,
    0,
    0,
    0,
    1,
    1,
    1,
    2,
    0,
    1,
    0,
    2,
    2,
    2,
    2,
    2,
    2,
    2,
    2,
    0,
    0,
    0,
    0,
    2,
    2,
    2,
    2,
    2,
    2,
    3,
    3,
    3,
    3,
    3,
    1,
    1,
    1,
    1,
    1,
    1,
    1,
    1,
    0,
    2,
    2,
    2,
    2,
    2,
    3,
    3,
    3,
    3,
    3,
    3,
    1,
    1,
    0,
    2,
    0,
    0,
    0,
    0,
    0,
    1,
    1,
    1,
    1,
    1,
    1,
    1,
    1,
    1,
    3,
    3,
    3,
    3,
    3,
    3,
    3,
    0,
    0,
    0,
    0,
    0,
    0,
    1,
    1,
    3,
    0,
    0,
    0,
    0,
    2,
    2,
    2,
    2,
    2,
    2,
    0,
    0,
    0,
    3,
    3,
    3,
    0,
    0,
    0,
    0,
    1,
    1,
    1,
    3,
    0,
    0,
    0,
    1,
    1,
    2,
    2,
    0,
    2,
    2,
    2,
    2,
    2,
    2,
    3,
    3,
    3,
    3,
    3,
    3,
    0,
    0,
    0,
    0,
    0,
    1,
    0,
    0,
    0,
    2,
    2,
    3,
    0,
    0,
    1,
    0,
    0,
    0,
    0,
    0,
    0,
    0,
    0,
    1,
    1,
    1,
    1,
    1,
    1,
    1,
    1,
    1,
    3,
    3,
    3,
    3,
    3,
    3,
    3,
    3,
    3,
    3,
    0,
    0,
    0,
    0,
    0,
    0,
    0,
    0,
    1,
    1,
    0,
    0,
    0,
    0,
    0,
    2
  ]
}