{
  "seed": 1024,
  "n_params": 3156,
  "model_kb": 12.33,
  "inference_latency_ms": 0.2496,
  "train_time_s": 1.59,
  "n_windows": 2254,
  "n_train": 1480,
  "n_val": 316,
  "n_test": 458,
  "accuracy": 0.9759825327510917,
  "macro_precision": 0.9735912583656945,
  "macro_recall": 0.9798190539184851,
  "macro_f1": 0.976181571825764,
  "per_class": {
    "braking": {
      "precision": 0.9659863945578231,
      "recall": 0.993006993006993,
      "f1": 0.9793103448275862,
      "support": 143
    },
    "cornering": {
      "precision": 0.9924812030075187,
      "recall": 0.9361702127659575,
      "f1": 0.9635036496350365,
      "support": 141
    },
    "accel": {
      "precision": 1.0,
      "recall": 0.9900990099009901,
      "f1": 0.9950248756218906,
      "support": 101
    },
    "cruise": {
      "precision": 0.9358974358974359,
      "recall": 1.0,
      "f1": 0.9668874172185431,
      "support": 73
    }
  },
  "confusion_matrix": [
    [
      142,
      1,
      0,
      0
    ],
    [
      5,
      132,
      0,
      4
    ],
    [
      0,
      0,
      100,
      1
    ],
    [
      0,
      0,
      0,
      73
    ]
  ],
  "class_counts": {
    "braking": 686,
    "cornering": 834,
    "accel": 482,
    "cruise": 252
  },
  "total_seconds": 4760.281,
  "feature_names": [
    "torque_pct",
    "ac_motor_current",
    "battery_voltage",
    "iq_current",
    "heatsink_temp",
    "ac_motor_voltage"
  ],
  "y_true": [
    1,
    1,
    1,
    1,
    1,
    1,
    1,
    1,
    2,
    2,
    2,
    2,
    2,
    3,
    3,
    3,
    3,
    3,
    0,
    0,
    0,
    0,
    0,
    0,
    0,
    0,
    0,
    0,
    0,
    2,
    0,
    2,
    2,
    2,
    2,
    2,
    2,
    2,
    2,
    2,
    0,
    3,
    3,
    0,
    0,
    1,
    1,
    1,
    1,
    1,
    1,
    2,
    2,
    0,
    0,
    1,
    1,
    2,
    2,
    2,
    2,
    2,
    2,
    2,
    0,
    0,
    2,
    2,
    0,
    0,
    0,
    0,
    1,
    1,
    1,
    1,
    1,
    1,
    1,
    1,
    2,
    2,
    2,
    3,
    3,
    3,
    3,
    3,
    0,
    0,
    0,
    0,
    0,
    0,
    0,
    2,
    2,
    0,
    0,
    0,
    0,
    0,
    0,
    0,
    2,
    2,
    2,
    2,
    0,
    0,
    3,
    0,
    0,
    0,
    1,
    1,
    1,
    1,
    1,
    1,
    3,
    3,
    3,
    3,
    3,
    3,
    3,
    3,
    3,
    3,
    0,
    0,
    0,
    0,
    0,
    1,
    1,
    0,
    0,
    0,
    2,
    0,
    2,
    2,
    2,
    2,
    2,
    3,
    3,
    3,
    3,
    0,
    0,
    1,
    1,
    1,
    1,
    1,
    1,
    1,
    2,
    0,
    0,
    0,
    2,
    2,
    2,
    2,
    2,
    3,
    3,
    0,
    0,
    0,
    2,
    2,
    2,
    2,
    2,
    0,
    0,
    0,
    0,
    1,
    1,
    1,
    1,
    1,
    1,
    1,
    1,
    1,
    1,
    1,
    1,
    1,
    1,
    1,
    1,
    1,
    1,
    1,
    1,
    1,
    1,
    1,
    1,
    1,
    1,
    1,
    1,
    1,
    1,
    1,
    1,
    1,
    1,
    1,
    1,
    0,
    0,
    0,
    0,
    1,
    2,
    1,
    0,
    2,
    2,
    2,
    2,
    2,
    2,
    0,
    0,
    0,
    1,
    1,
    1,
    1,
    1,
    1,
    1,
    1,
    1,
    1,
    1,
    1,
    0,
    0,
    2,
    2,
    2,
    2,
    2,
    2,
    0,
    0,
    0,
    1,
    1,
    1,
    1,
    2,
    0,
    0,
    0,
    0,
    0,
    1,
    1,
    1,
    1,
    2,
    2,
    2,
    3,
    3,
    3,
    3,
    0,
    0,
    0,
    0,
    1,
    2,
    2,
    1,
    1,
    0,
    0,
    2,
    2,
    2,
    2,
    2,
    2,
    3,
    3,
    3,
    3,
    3,
    1,
    1,
    1,
    1,
    1,
    1,
    1,
    1,
    0,
    2,
    2,
    2,
    2,
    2,
    3,
    3,
    3,
    3,
    3,
    3,
    3,
    3,
    0,
    2,
    0,
    0,
    0,
    0,
    1,
    1,
    1,
    1,
    1,
    1,
    1,
    1,
    1,
    1,
    3,
    3,
    3,
    3,
    3,
    3,
    3,
    0,
    0,
    0,
    0,
    0,
    1,
    1,
    1,
    1,
    0,
    0,
    0,
    0,
    2,
    2,
    2,
    2,
    2,
    2,
    0,
    0,
    0,
    3,
    3,
    3,
    0,
    0,
    0,
    0,
    1,
    1,
    1,
    2,
    0,
    0,
    0,
    1,
    1,
    2,
    2,
    0,
    2,
    2,
    2,
    2,
    2,
    2,
    3,
    3,
    3,
    3,
    3,
    3,
    0,
    0,
    0,
    0,
    0,
    1,
    0,
    0,
    0,
    2,
    2,
    3,
    0,
    0,
    1,
    0,
    0,
    0,
    0,
    0,
    0,
    0,
    1,
    1,
    1,
    1,
    1,
    1,
    1,
    1,
    1,
    1,
    3,
    3,
    3,
    3,
    3,
    3,
    3,
    3,
    3,
    3,
    0,
    0,
    0,
    0,
    0,
    0,
    0,
    0,
    1,
    1,
    0,
    0,
    0,
    0,
    0,
    2
  ],
  "y_pred": [
    1,
    1,
    1,
    1,
    1,
    1,
    1,
    1,
    2,
    2,
    2,
    2,
    2,
    3,
    3,
    3,
    3,
    3,
    0,
    0,
    0,
    0,
    0,
    0,
    0,
    0,
    0,
    0,
    0,
    2,
    0,
    2,
    2,
    2,
    2,
    2,
    2,
    2,
    2,
    3,
    0,
    3,
    3,
    0,
    0,
    1,
    1,
    1,
    1,
    1,
    1,
    2,
    2,
    0,
    0,
    1,
    1,
    2,
    2,
    2,
    2,
    2,
    2,
    2,
    0,
    0,
    2,
    2,
    0,
    0,
    0,
    0,
    1,
    1,
    1,
    1,
    1,
    1,
    1,
    1,
    2,
    2,
    2,
    3,
    3,
    3,
    3,
    3,
    0,
    0,
    0,
    0,
    0,
    0,
    0,
    2,
    2,
    0,
    0,
    0,
    0,
    0,
    0,
    0,
    2,
    2,
    2,
    2,
    0,
    0,
    3,
    0,
    0,
    0,
    1,
    1,
    1,
    1,
    1,
    1,
    3,
    3,
    3,
    3,
    3,
    3,
    3,
    3,
    3,
    3,
    0,
    0,
    0,
    0,
    0,
    1,
    1,
    0,
    0,
    0,
    2,
    0,
    2,
    2,
    2,
    2,
    2,
    3,
    3,
    3,
    3,
    0,
    0,
    1,
    1,
    1,
    1,
    1,
    1,
    1,
    2,
    0,
    0,
    0,
    2,
    2,
    2,
    2,
    2,
    3,
    3,
    0,
    0,
    0,
    2,
    2,
    2,
    2,
    2,
    0,
    0,
    0,
    0,
    1,
    1,
    1,
    1,
    1,
    1,
    1,
    1,
    1,
    1,
    1,
    1,
    1,
    1,
    1,
    1,
    1,
    1,
    1,
    1,
    1,
    1,
    1,
    1,
    1,
    1,
    1,
    1,
    1,
    1,
    1,
    1,
    1,
    1,
    1,
    1,
    0,
    0,
    0,
    0,
    1,
    2,
    0,
    0,
    2,
    2,
    2,
    2,
    2,
    2,
    0,
    0,
    0,
    1,
    1,
    1,
    1,
    1,
    1,
    1,
    1,
    1,
    1,
    1,
    1,
    0,
    0,
    2,
    2,
    2,
    2,
    2,
    2,
    0,
    0,
    0,
    1,
    1,
    1,
    1,
    2,
    0,
    0,
    0,
    0,
    0,
    1,
    1,
    1,
    1,
    2,
    2,
    2,
    3,
    3,
    3,
    3,
    0,
    0,
    0,
    0,
    1,
    2,
    2,
    0,
    0,
    0,
    0,
    2,
    2,
    2,
    2,
    2,
    2,
    3,
    3,
    3,
    3,
    3,
    1,
    1,
    1,
    1,
    1,
    1,
    1,
    1,
    0,
    2,
    2,
    2,
    2,
    2,
    3,
    3,
    3,
    3,
    3,
    3,
    3,
    3,
    0,
    2,
    0,
    0,
    0,
    0,
    0,
    1,
    1,
    1,
    1,
    1,
    1,
    1,
    1,
    1,
    3,
    3,
    3,
    3,
    3,
    3,
    3,
    0,
    0,
    0,
    0,
    0,
    0,
    1,
    3,
    3,
    0,
    0,
    0,
    0,
    2,
    2,
    2,
    2,
    2,
    2,
    0,
    0,
    0,
    3,
    3,
    3,
    0,
    0,
    0,
    0,
    1,
    1,
    1,
    2,
    0,
    0,
    0,
    1,
    1,
    2,
    2,
    0,
    2,
    2,
    2,
    2,
    2,
    2,
    3,
    3,
    3,
    3,
    3,
    3,
    0,
    0,
    0,
    0,
    0,
    1,
    0,
    0,
    0,
    2,
    2,
    3,
    0,
    0,
    1,
    0,
    0,
    0,
    0,
    0,
    0,
    0,
    1,
    1,
    1,
    1,
    1,
    1,
    1,
    1,
    1,
    1,
    3,
    3,
    3,
    3,
    3,
    3,
    3,
    3,
    3,
    3,
    0,
    0,
    0,
    0,
    0,
    0,
    0,
    0,
    3,
    3,
    0,
    0,
    0,
    0,
    1,
    2
  ]
}