{
  "seed": 456,
  "n_params": 3156,
  "model_kb": 12.33,
  "inference_latency_ms": 0.2492,
  "train_time_s": 1.42,
  "n_windows": 2254,
  "n_train": 1548,
  "n_val": 296,
  "n_test": 410,
  "accuracy": 0.9804878048780488,
  "macro_precision": 0.9768319476980081,
  "macro_recall": 0.9832026875699887,
  "macro_f1": 0.9797225331536623,
  "per_class": {
    "braking": {
      "precision": 0.9703703703703703,
      "recall": 1.0,
      "f1": 0.9849624060150376,
      "support": 131
    },
    "cornering": {
      "precision": 1.0,
      "recall": 0.950354609929078,
      "f1": 0.9745454545454545,
      "support": 141
    },
    "accel": {
      "precision": 0.9878048780487805,
      "recall": 1.0,
      "f1": 0.9938650306748467,
      "support": 81
    },
    "cruise": {
      "precision": 0.9491525423728814,
      "recall": 0.9824561403508771,
      "f1": 0.9655172413793104,
      "support": 57
    }
  },
  "confusion_matrix": [
    [
      131,
      0,
      0,
      0
    ],
    [
      3,
      134,
      1,
      3
    ],
    [
      0,
      0,
      81,
      0
    ],
    [
      1,
      0,
      0,
      56
    ]
  ],
  "class_counts": {
    "braking": 686,
    "cornering": 834,
    "accel": 482,
    "cruise": 252
  },
  "total_seconds": 4760.281,
  "feature_names": [
    "torque_pct",
    "ac_motor_current",
    "battery_voltage",
    "iq_current",
    "heatsink_temp",
    "ac_motor_voltage"
  ],
  "y_true": [
    0,
    0,
    2,
    2,
    2,
    2,
    0,
    0,
    3,
    0,
    0,
    0,
    1,
    1,
    1,
    1,
    1,
    1,
    3,
    3,
    3,
    3,
    3,
    3,
    3,
    3,
    3,
    3,
    0,
    0,
    0,
    0,
    0,
    1,
    1,
    0,
    0,
    0,
    2,
    0,
    2,
    2,
    2,
    2,
    2,
    3,
    3,
    3,
    3,
    0,
    0,
    1,
    1,
    1,
    1,
    1,
    1,
    1,
    2,
    0,
    0,
    0,
    2,
    2,
    2,
    2,
    2,
    3,
    3,
    0,
    0,
    0,
    2,
    2,
    2,
    2,
    2,
    0,
    0,
    0,
    0,
    1,
    1,
    1,
    1,
    1,
    1,
    1,
    1,
    0,
    1,
    1,
    1,
    1,
    2,
    2,
    2,
    2,
    2,
    2,
    1,
    1,
    1,
    0,
    0,
    0,
    1,
    1,
    1,
    1,
    1,
    1,
    1,
    1,
    1,
    1,
    0,
    0,
    1,
    1,
    2,
    2,
    2,
    2,
    2,
    2,
    2,
    0,
    0,
    0,
    2,
    0,
    0,
    1,
    1,
    1,
    1,
    1,
    1,
    2,
    2,
    2,
    2,
    3,
    3,
    3,
    0,
    0,
    0,
    0,
    0,
    0,
    1,
    1,
    1,
    0,
    0,
    0,
    0,
    0,
    1,
    1,
    1,
    1,
    1,
    0,
    2,
    2,
    2,
    2,
    2,
    2,
    2,
    3,
    0,
    0,
    0,
    0,
    1,
    1,
    1,
    1,
    1,
    1,
    1,
    1,
    0,
    2,
    2,
    2,
    2,
    2,
    0,
    0,
    0,
    1,
    1,
    1,
    3,
    3,
    3,
    3,
    0,
    0,
    1,
    1,
    1,
    1,
    1,
    1,
    1,
    1,
    1,
    1,
    1,
    1,
    1,
    1,
    1,
    1,
    1,
    1,
    1,
    1,
    1,
    1,
    1,
    1,
    1,
    1,
    1,
    1,
    1,
    1,
    1,
    1,
    1,
    1,
    1,
    1,
    1,
    1,
    1,
    1,
    1,
    1,
    0,
    0,
    0,
    0,
    2,
    0,
    0,
    2,
    2,
    2,
    2,
    2,
    2,
    0,
    0,
    0,
    0,
    1,
    1,
    1,
    1,
    1,
    1,
    1,
    1,
    1,
    1,
    1,
    2,
    0,
    0,
    0,
    2,
    2,
    2,
    2,
    0,
    0,
    0,
    0,
    0,
    0,
    0,
    0,
    3,
    3,
    3,
    3,
    3,
    3,
    3,
    3,
    0,
    0,
    0,
    0,
    0,
    0,
    0,
    0,
    0,
    0,
    2,
    1,
    1,
    0,
    2,
    2,
    2,
    2,
    2,
    3,
    3,
    3,
    3,
    3,
    3,
    3,
    0,
    0,
    0,
    0,
    1,
    1,
    1,
    2,
    0,
    0,
    0,
    1,
    1,
    2,
    2,
    0,
    2,
    2,
    2,
    2,
    2,
    2,
    3,
    3,
    3,
    3,
    3,
    3,
    0,
    0,
    0,
    0,
    0,
    1,
    0,
    0,
    0,
    2,
    2,
    3,
    0,
    0,
    1,
    0,
    0,
    0,
    0,
    0,
    0,
    0,
    1,
    1,
    1,
    1,
    1,
    1,
    1,
    1,
    1,
    1,
    3,
    3,
    3,
    3,
    3,
    3,
    3,
    3,
    3,
    3,
    0,
    0,
    0,
    0,
    0,
    0,
    0,
    0,
    1,
    1,
    0,
    0,
    0,
    0,
    0,
    2
  ],
  "y_pred": [
    0,
    0,
    2,
    2,
    2,
    2,
    0,
    0,
    3,
    0,
    0,
    0,
    1,
    1,
    1,
    1,
    1,
    1,
    3,
    3,
    3,
    3,
    3,
    3,
    3,
    3,
    3,
    3,
    0,
    0,
    0,
    0,
    0,
    1,
    1,
    0,
    0,
    0,
    2,
    0,
    2,
    2,
    2,
    2,
    2,
    3,
    3,
    3,
    3,
    0,
    0,
    1,
    1,
    1,
    1,
    1,
    1,
    1,
    2,
    0,
    0,
    0,
    2,
    2,
    2,
    2,
    2,
    3,
    3,
    0,
    0,
    0,
    2,
    2,
    2,
    2,
    2,
    0,
    0,
    0,
    0,
    1,
    1,
    1,
    1,
    1,
    1,
    1,
    1,
    0,
    1,
    1,
    1,
    1,
    2,
    2,
    2,
    2,
    2,
    2,
    0,
    0,
    1,
    0,
    0,
    0,
    1,
    1,
    1,
    1,
    1,
    1,
    1,
    1,
    1,
    1,
    0,
    0,
    1,
    1,
    2,
    2,
    2,
    2,
    2,
    2,
    2,
    0,
    0,
    0,
    2,
    0,
    0,
    1,
    1,
    1,
    1,
    1,
    1,
    2,
    2,
    2,
    2,
    3,
    3,
    3,
    0,
    0,
    0,
    0,
    0,
    0,
    1,
    1,
    1,
    0,
    0,
    0,
    0,
    0,
    1,
    1,
    1,
    1,
    2,
    0,
    2,
    2,
    2,
    2,
    2,
    2,
    2,
    0,
    0,
    0,
    0,
    0,
    1,
    1,
    1,
    1,
    1,
    1,
    1,
    1,
    0,
    2,
    2,
    2,
    2,
    2,
    0,
    0,
    0,
    1,
    1,
    1,
    3,
    3,
    3,
    3,
    0,
    0,
    1,
    1,
    1,
    1,
    1,
    1,
    1,
    1,
    1,
    1,
    1,
    1,
    1,
    1,
    1,
    1,
    1,
    1,
    0,
    1,
    1,
    1,
    1,
    1,
    1,
    1,
    1,
    1,
    1,
    1,
    1,
    1,
    1,
    1,
    1,
    1,
    1,
    1,
    1,
    1,
    1,
    1,
    0,
    0,
    0,
    0,
    2,
    0,
    0,
    2,
    2,
    2,
    2,
    2,
    2,
    0,
    0,
    0,
    0,
    1,
    1,
    1,
    1,
    1,
    1,
    1,
    1,
    1,
    1,
    1,
    2,
    0,
    0,
    0,
    2,
    2,
    2,
    2,
    0,
    0,
    0,
    0,
    0,
    0,
    0,
    0,
    3,
    3,
    3,
    3,
    3,
    3,
    3,
    3,
    0,
    0,
    0,
    0,
    0,
    0,
    0,
    0,
    0,
    0,
    2,
    1,
    1,
    0,
    2,
    2,
    2,
    2,
    2,
    3,
    3,
    3,
    3,
    3,
    3,
    3,
    0,
    0,
    0,
    0,
    1,
    1,
    1,
    2,
    0,
    0,
    0,
    1,
    1,
    2,
    2,
    0,
    2,
    2,
    2,
    2,
    2,
    2,
    3,
    3,
    3,
    3,
    3,
    3,
    0,
    0,
    0,
    0,
    0,
    1,
    0,
    0,
    0,
    2,
    2,
    3,
    0,
    0,
    3,
    0,
    0,
    0,
    0,
    0,
    0,
    0,
    1,
    1,
    1,
    1,
    1,
    1,
    1,
    1,
    1,
    1,
    3,
    3,
    3,
    3,
    3,
    3,
    3,
    3,
    3,
    3,
    0,
    0,
    0,
    0,
    0,
    0,
    0,
    0,
    3,
    3,
    0,
    0,
    0,
    0,
    0,
    2
  ]
}