{
  "seed": 1024,
  "results": {
    "pbft_n4": {
      "protocol": "pbft",
      "n_nodes": 4,
      "sequential_hops": 3,
      "link_latency_ms": 0.25,
      "network_latency_ms": 0.75,
      "compute_median_ms": 0.20230000154697336,
      "compute_mean_ms": 0.20820465004908328,
      "median_ms": 0.9523000015469734,
      "mean_ms": 0.9582046500490833,
      "p95_ms": 1.0069050024249009,
      "p99_ms": 1.0741260012873681,
      "std_ms": 0.02881777393125195,
      "exceeds_5ms_budget": false,
      "sustained_throughput_sps": 916406.045470261,
      "channels": 88,
      "aggregate_input_rate_sps": 19080.0,
      "n_epochs": 2000
    },
    "pbft_n7": {
      "protocol": "pbft",
      "n_nodes": 7,
      "sequential_hops": 3,
      "link_latency_ms": 0.25,
      "network_latency_ms": 0.75,
      "compute_median_ms": 0.36950000139768235,
      "compute_mean_ms": 0.3790099499747157,
      "median_ms": 1.1195000013976824,
      "mean_ms": 1.1290099499747157,
      "p95_ms": 1.2438000020047184,
      "p99_ms": 1.4468020015847287,
      "std_ms": 0.06801245677140812,
      "exceeds_5ms_budget": false,
      "sustained_throughput_sps": 503416.86283626204,
      "channels": 88,
      "aggregate_input_rate_sps": 19080.0,
      "n_epochs": 2000
    },
    "pbft_n10": {
      "protocol": "pbft",
      "n_nodes": 10,
      "sequential_hops": 3,
      "link_latency_ms": 0.25,
      "network_latency_ms": 0.75,
      "compute_median_ms": 0.5863000005774666,
      "compute_mean_ms": 0.5902534499855392,
      "median_ms": 1.3363000005774666,
      "mean_ms": 1.3402534499855392,
      "p95_ms": 1.458205000955786,
      "p99_ms": 1.5673879979949559,
      "std_ms": 0.0712047739768404,
      "exceeds_5ms_budget": false,
      "sustained_throughput_sps": 323250.96957023203,
      "channels": 88,
      "aggregate_input_rate_sps": 19080.0,
      "n_epochs": 2000
    },
    "raft_n4": {
      "protocol": "raft",
      "n_nodes": 4,
      "sequential_hops": 2,
      "link_latency_ms": 0.25,
      "network_latency_ms": 0.5,
      "compute_median_ms": 0.0867000017024111,
      "compute_mean_ms": 0.0879393499581056,
      "median_ms": 0.5867000017024111,
      "mean_ms": 0.5879393499581056,
      "p95_ms": 0.6169999995909166,
      "p99_ms": 0.6573020008800086,
      "std_ms": 0.02111167656050039,
      "exceeds_5ms_budget": false,
      "sustained_throughput_sps": 2169677.170582877,
      "channels": 88,
      "aggregate_input_rate_sps": 19080.0,
      "n_epochs": 2000
    },
    "raft_n7": {
      "protocol": "raft",
      "n_nodes": 7,
      "sequential_hops": 2,
      "link_latency_ms": 0.25,
      "network_latency_ms": 0.5,
      "compute_median_ms": 0.08859999798005447,
      "compute_mean_ms": 0.08896450006614032,
      "median_ms": 0.5885999979800545,
      "mean_ms": 0.5889645000661403,
      "p95_ms": 0.6183050020699739,
      "p99_ms": 0.6294020030400134,
      "std_ms": 0.015844518997514264,
      "exceeds_5ms_budget": false,
      "sustained_throughput_sps": 2144675.6836507875,
      "channels": 88,
      "aggregate_input_rate_sps": 19080.0,
      "n_epochs": 2000
    },
    "raft_n10": {
      "protocol": "raft",
      "n_nodes": 10,
      "sequential_hops": 2,
      "link_latency_ms": 0.25,
      "network_latency_ms": 0.5,
      "compute_median_ms": 0.09069999941857532,
      "compute_mean_ms": 0.09156569998776831,
      "median_ms": 0.5906999994185753,
      "mean_ms": 0.5915656999877683,
      "p95_ms": 0.620205001985596,
      "p99_ms": 0.6558239967562258,
      "std_ms": 0.019286206068603942,
      "exceeds_5ms_budget": false,
      "sustained_throughput_sps": 2083749.7013126942,
      "channels": 88,
      "aggregate_input_rate_sps": 19080.0,
      "n_epochs": 2000
    }
  },
  "n_channels": 88,
  "link_latency_ms": 0.25,
  "aggregate_rate_sps": 19080.0
}