{
  "seed": 456,
  "results": {
    "pbft_n4": {
      "protocol": "pbft",
      "n_nodes": 4,
      "sequential_hops": 3,
      "link_latency_ms": 0.25,
      "network_latency_ms": 0.75,
      "compute_median_ms": 0.20370000129332766,
      "compute_mean_ms": 0.21024204999230278,
      "median_ms": 0.9537000012933277,
      "mean_ms": 0.9602420499923028,
      "p95_ms": 1.0198349990168936,
      "p99_ms": 1.0985010015720036,
      "std_ms": 0.03291781123752694,
      "exceeds_5ms_budget": false,
      "sustained_throughput_sps": 907525.3975452838,
      "channels": 88,
      "aggregate_input_rate_sps": 19080.0,
      "n_epochs": 2000
    },
    "pbft_n7": {
      "protocol": "pbft",
      "n_nodes": 7,
      "sequential_hops": 3,
      "link_latency_ms": 0.25,
      "network_latency_ms": 0.75,
      "compute_median_ms": 0.36470000122790225,
      "compute_mean_ms": 0.3621753999414068,
      "median_ms": 1.1147000012279022,
      "mean_ms": 1.1121753999414068,
      "p95_ms": 1.1681400003290037,
      "p99_ms": 1.2646210002931184,
      "std_ms": 0.04757595227404748,
      "exceeds_5ms_budget": false,
      "sustained_throughput_sps": 526816.5646558764,
      "channels": 88,
      "aggregate_input_rate_sps": 19080.0,
      "n_epochs": 2000
    },
    "pbft_n10": {
      "protocol": "pbft",
      "n_nodes": 10,
      "sequential_hops": 3,
      "link_latency_ms": 0.25,
      "network_latency_ms": 0.75,
      "compute_median_ms": 0.5893499983358197,
      "compute_mean_ms": 0.598631499986368,
      "median_ms": 1.3393499983358197,
      "mean_ms": 1.348631499986368,
      "p95_ms": 1.4739050006319303,
      "p99_ms": 1.645305999692937,
      "std_ms": 0.08274624590488996,
      "exceeds_5ms_budget": false,
      "sustained_throughput_sps": 318726.9630888867,
      "channels": 88,
      "aggregate_input_rate_sps": 19080.0,
      "n_epochs": 2000
    },
    "raft_n4": {
      "protocol": "raft",
      "n_nodes": 4,
      "sequential_hops": 2,
      "link_latency_ms": 0.25,
      "network_latency_ms": 0.5,
      "compute_median_ms": 0.0870000003487803,
      "compute_mean_ms": 0.08657529997799429,
      "median_ms": 0.5870000003487803,
      "mean_ms": 0.5865752999779943,
      "p95_ms": 0.6138000006903894,
      "p99_ms": 0.6198019990988541,
      "std_ms": 0.014728517570231438,
      "exceeds_5ms_budget": false,
      "sustained_throughput_sps": 2203861.84106203,
      "channels": 88,
      "aggregate_input_rate_sps": 19080.0,
      "n_epochs": 2000
    },
    "raft_n7": {
      "protocol": "raft",
      "n_nodes": 7,
      "sequential_hops": 2,
      "link_latency_ms": 0.25,
      "network_latency_ms": 0.5,
      "compute_median_ms": 0.08849999721860513,
      "compute_mean_ms": 0.08887289994163439,
      "median_ms": 0.5884999972186051,
      "mean_ms": 0.5888728999416344,
      "p95_ms": 0.6181000006909017,
      "p99_ms": 0.6297100017109187,
      "std_ms": 0.016206577241830285,
      "exceeds_5ms_budget": false,
      "sustained_throughput_sps": 2146886.172559963,
      "channels": 88,
      "aggregate_input_rate_sps": 19080.0,
      "n_epochs": 2000
    },
    "raft_n10": {
      "protocol": "raft",
      "n_nodes": 10,
      "sequential_hops": 2,
      "link_latency_ms": 0.25,
      "network_latency_ms": 0.5,
      "compute_median_ms": 0.09019999924930744,
      "compute_mean_ms": 0.09079829999427602,
      "median_ms": 0.5901999992493074,
      "mean_ms": 0.590798299994276,
      "p95_ms": 0.6191000010294374,
      "p99_ms": 0.6362039966625161,
      "std_ms": 0.017090122193253086,
      "exceeds_5ms_budget": false,
      "sustained_throughput_sps": 2101360.9286961113,
      "channels": 88,
      "aggregate_input_rate_sps": 19080.0,
      "n_epochs": 2000
    }
  },
  "n_channels": 88,
  "link_latency_ms": 0.25,
  "aggregate_rate_sps": 19080.0
}