{
  "seed": 789,
  "results": {
    "pbft_n4": {
      "protocol": "pbft",
      "n_nodes": 4,
      "sequential_hops": 3,
      "link_latency_ms": 0.25,
      "network_latency_ms": 0.75,
      "compute_median_ms": 0.1990000018849969,
      "compute_mean_ms": 0.20285680000415596,
      "median_ms": 0.9490000018849969,
      "mean_ms": 0.952856800004156,
      "p95_ms": 0.9866200007600128,
      "p99_ms": 1.0486289999535074,
      "std_ms": 0.025025915635351285,
      "exceeds_5ms_budget": false,
      "sustained_throughput_sps": 940564.9699496939,
      "channels": 88,
      "aggregate_input_rate_sps": 19080.0,
      "n_epochs": 2000
    },
    "pbft_n7": {
      "protocol": "pbft",
      "n_nodes": 7,
      "sequential_hops": 3,
      "link_latency_ms": 0.25,
      "network_latency_ms": 0.75,
      "compute_median_ms": 0.3643000000010943,
      "compute_mean_ms": 0.3610993500606128,
      "median_ms": 1.1143000000010943,
      "mean_ms": 1.1110993500606128,
      "p95_ms": 1.1656149994742009,
      "p99_ms": 1.2693379997217562,
      "std_ms": 0.044367825667198484,
      "exceeds_5ms_budget": false,
      "sustained_throughput_sps": 528386.4398204345,
      "channels": 88,
      "aggregate_input_rate_sps": 19080.0,
      "n_epochs": 2000
    },
    "pbft_n10": {
      "protocol": "pbft",
      "n_nodes": 10,
      "sequential_hops": 3,
      "link_latency_ms": 0.25,
      "network_latency_ms": 0.75,
      "compute_median_ms": 0.5873000009160023,
      "compute_mean_ms": 0.5932760500272707,
      "median_ms": 1.3373000009160023,
      "mean_ms": 1.3432760500272707,
      "p95_ms": 1.4758150004417985,
      "p99_ms": 1.5449339991682791,
      "std_ms": 0.07059223177548545,
      "exceeds_5ms_budget": false,
      "sustained_throughput_sps": 321604.08294120355,
      "channels": 88,
      "aggregate_input_rate_sps": 19080.0,
      "n_epochs": 2000
    },
    "raft_n4": {
      "protocol": "raft",
      "n_nodes": 4,
      "sequential_hops": 2,
      "link_latency_ms": 0.25,
      "network_latency_ms": 0.5,
      "compute_median_ms": 0.08815000001050066,
      "compute_mean_ms": 0.08826724999926228,
      "median_ms": 0.5881500000105007,
      "mean_ms": 0.5882672499992623,
      "p95_ms": 0.6174050024928874,
      "p99_ms": 0.6395199999024044,
      "std_ms": 0.016542135374205402,
      "exceeds_5ms_budget": false,
      "sustained_throughput_sps": 2161617.1343459175,
      "channels": 88,
      "aggregate_input_rate_sps": 19080.0,
      "n_epochs": 2000
    },
    "raft_n7": {
      "protocol": "raft",
      "n_nodes": 7,
      "sequential_hops": 2,
      "link_latency_ms": 0.25,
      "network_latency_ms": 0.5,
      "compute_median_ms": 0.08819999857223593,
      "compute_mean_ms": 0.0886041000358091,
      "median_ms": 0.5881999985722359,
      "mean_ms": 0.5886041000358091,
      "p95_ms": 0.6177049976831768,
      "p99_ms": 0.6337119994423119,
      "std_ms": 0.016157110908489574,
      "exceeds_5ms_budget": false,
      "sustained_throughput_sps": 2153399.221061878,
      "channels": 88,
      "aggregate_input_rate_sps": 19080.0,
      "n_epochs": 2000
    },
    "raft_n10": {
      "protocol": "raft",
      "n_nodes": 10,
      "sequential_hops": 2,
      "link_latency_ms": 0.25,
      "network_latency_ms": 0.5,
      "compute_median_ms": 0.0895000011951197,
      "compute_mean_ms": 0.08986615005414933,
      "median_ms": 0.5895000011951197,
      "mean_ms": 0.5898661500541493,
      "p95_ms": 0.6192000017908867,
      "p99_ms": 0.6258020011300687,
      "std_ms": 0.015129094483034589,
      "exceeds_5ms_budget": false,
      "sustained_throughput_sps": 2123157.60589535,
      "channels": 88,
      "aggregate_input_rate_sps": 19080.0,
      "n_epochs": 2000
    }
  },
  "n_channels": 88,
  "link_latency_ms": 0.25,
  "aggregate_rate_sps": 19080.0
}