{
  "seed": 42,
  "results": {
    "pbft_n4": {
      "protocol": "pbft",
      "n_nodes": 4,
      "sequential_hops": 3,
      "link_latency_ms": 0.25,
      "network_latency_ms": 0.75,
      "compute_median_ms": 0.19899999824701808,
      "compute_mean_ms": 0.2017567499897268,
      "median_ms": 0.9489999982470181,
      "mean_ms": 0.9517567499897268,
      "p95_ms": 0.9857000012125354,
      "p99_ms": 1.0114030004406231,
      "std_ms": 0.020025345815533398,
      "exceeds_5ms_budget": false,
      "sustained_throughput_sps": 945693.2668161799,
      "channels": 88,
      "aggregate_input_rate_sps": 19080.0,
      "n_epochs": 2000
    },
    "pbft_n7": {
      "protocol": "pbft",
      "n_nodes": 7,
      "sequential_hops": 3,
      "link_latency_ms": 0.25,
      "network_latency_ms": 0.75,
      "compute_median_ms": 0.3648999991128221,
      "compute_mean_ms": 0.3608990999746311,
      "median_ms": 1.1148999991128221,
      "mean_ms": 1.110899099974631,
      "p95_ms": 1.160915000247769,
      "p99_ms": 1.2331230005584075,
      "std_ms": 0.04116822089344959,
      "exceeds_5ms_budget": false,
      "sustained_throughput_sps": 528679.6226796133,
      "channels": 88,
      "aggregate_input_rate_sps": 19080.0,
      "n_epochs": 2000
    },
    "pbft_n10": {
      "protocol": "pbft",
      "n_nodes": 10,
      "sequential_hops": 3,
      "link_latency_ms": 0.25,
      "network_latency_ms": 0.75,
      "compute_median_ms": 0.5801000006613322,
      "compute_mean_ms": 0.5715524000115693,
      "median_ms": 1.3301000006613322,
      "mean_ms": 1.3215524000115693,
      "p95_ms": 1.371014999342151,
      "p99_ms": 1.4285190005030017,
      "std_ms": 0.0508674807030199,
      "exceeds_5ms_budget": false,
      "sustained_throughput_sps": 333827.65953941905,
      "channels": 88,
      "aggregate_input_rate_sps": 19080.0,
      "n_epochs": 2000
    },
    "raft_n4": {
      "protocol": "raft",
      "n_nodes": 4,
      "sequential_hops": 2,
      "link_latency_ms": 0.25,
      "network_latency_ms": 0.5,
      "compute_median_ms": 0.08760000127949752,
      "compute_mean_ms": 0.08744405001380073,
      "median_ms": 0.5876000012794975,
      "mean_ms": 0.5874440500138007,
      "p95_ms": 0.615725000614475,
      "p99_ms": 0.6236039989089477,
      "std_ms": 0.015611647107135456,
      "exceeds_5ms_budget": false,
      "sustained_throughput_sps": 2181966.640038828,
      "channels": 88,
      "aggregate_input_rate_sps": 19080.0,
      "n_epochs": 2000
    },
    "raft_n7": {
      "protocol": "raft",
      "n_nodes": 7,
      "sequential_hops": 2,
      "link_latency_ms": 0.25,
      "network_latency_ms": 0.5,
      "compute_median_ms": 0.08879999950295314,
      "compute_mean_ms": 0.08880530000715225,
      "median_ms": 0.5887999995029531,
      "mean_ms": 0.5888053000071523,
      "p95_ms": 0.6180049999675248,
      "p99_ms": 0.626601999909326,
      "std_ms": 0.015424673843267227,
      "exceeds_5ms_budget": false,
      "sustained_throughput_sps": 2148520.4147121087,
      "channels": 88,
      "aggregate_input_rate_sps": 19080.0,
      "n_epochs": 2000
    },
    "raft_n10": {
      "protocol": "raft",
      "n_nodes": 10,
      "sequential_hops": 2,
      "link_latency_ms": 0.25,
      "network_latency_ms": 0.5,
      "compute_median_ms": 0.08985000022221357,
      "compute_mean_ms": 0.09004820003792702,
      "median_ms": 0.5898500002222136,
      "mean_ms": 0.590048200037927,
      "p95_ms": 0.6176200004920247,
      "p99_ms": 0.6261029997476726,
      "std_ms": 0.01494880886106044,
      "exceeds_5ms_budget": false,
      "sustained_throughput_sps": 2118865.2290621884,
      "channels": 88,
      "aggregate_input_rate_sps": 19080.0,
      "n_epochs": 2000
    }
  },
  "n_channels": 88,
  "link_latency_ms": 0.25,
  "aggregate_rate_sps": 19080.0
}