{
  "seed": 123,
  "results": {
    "pbft_n4": {
      "protocol": "pbft",
      "n_nodes": 4,
      "sequential_hops": 3,
      "link_latency_ms": 0.25,
      "network_latency_ms": 0.75,
      "compute_median_ms": 0.20139999833190814,
      "compute_mean_ms": 0.20774789999632048,
      "median_ms": 0.9513999983319081,
      "mean_ms": 0.9577478999963205,
      "p95_ms": 1.0054350019636331,
      "p99_ms": 1.0953049990275758,
      "std_ms": 0.03212838104658648,
      "exceeds_5ms_budget": false,
      "sustained_throughput_sps": 918420.8360391578,
      "channels": 88,
      "aggregate_input_rate_sps": 19080.0,
      "n_epochs": 2000
    },
    "pbft_n7": {
      "protocol": "pbft",
      "n_nodes": 7,
      "sequential_hops": 3,
      "link_latency_ms": 0.25,
      "network_latency_ms": 0.75,
      "compute_median_ms": 0.3677000004245201,
      "compute_mean_ms": 0.37245404993700504,
      "median_ms": 1.1177000004245201,
      "mean_ms": 1.122454049937005,
      "p95_ms": 1.229515002007247,
      "p99_ms": 1.3116259980524774,
      "std_ms": 0.053442196816072055,
      "exceeds_5ms_budget": false,
      "sustained_throughput_sps": 512277.957595765,
      "channels": 88,
      "aggregate_input_rate_sps": 19080.0,
      "n_epochs": 2000
    },
    "pbft_n10": {
      "protocol": "pbft",
      "n_nodes": 10,
      "sequential_hops": 3,
      "link_latency_ms": 0.25,
      "network_latency_ms": 0.75,
      "compute_median_ms": 0.5851999994774815,
      "compute_mean_ms": 0.5917393500203616,
      "median_ms": 1.3351999994774815,
      "mean_ms": 1.3417393500203616,
      "p95_ms": 1.475019998208154,
      "p99_ms": 1.573544998675061,
      "std_ms": 0.0740302445331027,
      "exceeds_5ms_budget": false,
      "sustained_throughput_sps": 322439.26315435104,
      "channels": 88,
      "aggregate_input_rate_sps": 19080.0,
      "n_epochs": 2000
    },
    "raft_n4": {
      "protocol": "raft",
      "n_nodes": 4,
      "sequential_hops": 2,
      "link_latency_ms": 0.25,
      "network_latency_ms": 0.5,
      "compute_median_ms": 0.08880000132194255,
      "compute_mean_ms": 0.08937424997384369,
      "median_ms": 0.5888000013219425,
      "mean_ms": 0.5893742499738437,
      "p95_ms": 0.6193000025523361,
      "p99_ms": 0.658602999872528,
      "std_ms": 0.01913443962189783,
      "exceeds_5ms_budget": false,
      "sustained_throughput_sps": 2134843.090217144,
      "channels": 88,
      "aggregate_input_rate_sps": 19080.0,
      "n_epochs": 2000
    },
    "raft_n7": {
      "protocol": "raft",
      "n_nodes": 7,
      "sequential_hops": 2,
      "link_latency_ms": 0.25,
      "network_latency_ms": 0.5,
      "compute_median_ms": 0.08900000102585182,
      "compute_mean_ms": 0.0906602000213752,
      "median_ms": 0.5890000010258518,
      "mean_ms": 0.5906602000213752,
      "p95_ms": 0.6203050027470454,
      "p99_ms": 0.6702089972241083,
      "std_ms": 0.019609429269921964,
      "exceeds_5ms_budget": false,
      "sustained_throughput_sps": 2104561.8689900814,
      "channels": 88,
      "aggregate_input_rate_sps": 19080.0,
      "n_epochs": 2000
    },
    "raft_n10": {
      "protocol": "raft",
      "n_nodes": 10,
      "sequential_hops": 2,
      "link_latency_ms": 0.25,
      "network_latency_ms": 0.5,
      "compute_median_ms": 0.09040000077220611,
      "compute_mean_ms": 0.09126845001992479,
      "median_ms": 0.5904000007722061,
      "mean_ms": 0.5912684500199248,
      "p95_ms": 0.6205050008138642,
      "p99_ms": 0.6476059997730772,
      "std_ms": 0.01746653434088272,
      "exceeds_5ms_budget": false,
      "sustained_throughput_sps": 2090536.2144130475,
      "channels": 88,
      "aggregate_input_rate_sps": 19080.0,
      "n_epochs": 2000
    }
  },
  "n_channels": 88,
  "link_latency_ms": 0.25,
  "aggregate_rate_sps": 19080.0
}